1672264005677,100,calculate test,200,,Thread Group 1-1,text,true,,198,374,1,1,http://localhost:8080/rest/sale/calculate,97,0,10
1672264005798,41,calculate test,200,,Thread Group 1-1,text,true,,198,374,2,2,http://localhost:8080/rest/sale/calculate,41,0,0
1672264005830,26,calculate test,200,,Thread Group 1-2,text,true,,198,374,2,2,http://localhost:8080/rest/sale/calculate,26,0,1
1672264005839,25,calculate test,200,,Thread Group 1-1,text,true,,198,374,2,2,http://localhost:8080/rest/sale/calculate,25,0,0
1672264005857,25,calculate test,200,,Thread Group 1-2,text,true,,198,374,2,2,http://localhost:8080/rest/sale/calculate,25,0,0
1672264005865,20,calculate test,200,,Thread Group 1-1,text,true,,198,374,2,2,http://localhost:8080/rest/sale/calculate,20,0,0
1672264005882,18,calculate test,200,,Thread Group 1-2,text,true,,198,374,2,2,http://localhost:8080/rest/sale/calculate,18,0,0
1672264005885,18,calculate test,200,,Thread Group 1-1,text,true,,198,374,2,2,http://localhost:8080/rest/sale/calculate,18,0,0
1672264005900,19,calculate test,200,,Thread Group 1-2,text,true,,198,374,2,2,http://localhost:8080/rest/sale/calculate,19,0,0
1672264005903,17,calculate test,200,,Thread Group 1-1,text,true,,198,374,2,2,http://localhost:8080/rest/sale/calculate,17,0,0
1672264005921,31,calculate test,200,,Thread Group 1-1,text,true,,198,374,2,2,http://localhost:8080/rest/sale/calculate,31,0,0
1672264005919,33,calculate test,200,,Thread Group 1-2,text,true,,198,374,2,2,http://localhost:8080/rest/sale/calculate,33,0,0
1672264005952,96,calculate test,200,,Thread Group 1-2,text,true,,198,374,3,3,http://localhost:8080/rest/sale/calculate,89,0,0
1672264005952,96,calculate test,200,,Thread Group 1-1,text,true,,198,374,3,3,http://localhost:8080/rest/sale/calculate,89,0,0
1672264006048,40,calculate test,200,,Thread Group 1-1,text,true,,198,374,3,3,http://localhost:8080/rest/sale/calculate,40,0,0
1672264006048,41,calculate test,200,,Thread Group 1-2,text,true,,198,374,3,3,http://localhost:8080/rest/sale/calculate,41,0,0
1672264006031,58,calculate test,200,,Thread Group 1-3,text,true,,198,374,3,3,http://localhost:8080/rest/sale/calculate,57,0,0
1672264006089,14,calculate test,200,,Thread Group 1-1,text,true,,198,374,3,3,http://localhost:8080/rest/sale/calculate,14,0,0
1672264006089,16,calculate test,200,,Thread Group 1-2,text,true,,198,374,3,3,http://localhost:8080/rest/sale/calculate,16,0,0
1672264006090,13,calculate test,200,,Thread Group 1-3,text,true,,198,374,3,3,http://localhost:8080/rest/sale/calculate,13,0,0
1672264006104,16,calculate test,200,,Thread Group 1-1,text,true,,198,374,3,3,http://localhost:8080/rest/sale/calculate,16,0,0
1672264006105,15,calculate test,200,,Thread Group 1-3,text,true,,198,374,3,3,http://localhost:8080/rest/sale/calculate,15,0,0
1672264006105,16,calculate test,200,,Thread Group 1-2,text,true,,198,374,3,3,http://localhost:8080/rest/sale/calculate,16,0,0
1672264006121,15,calculate test,200,,Thread Group 1-1,text,true,,198,374,3,3,http://localhost:8080/rest/sale/calculate,15,0,0
1672264006121,15,calculate test,200,,Thread Group 1-3,text,true,,198,374,3,3,http://localhost:8080/rest/sale/calculate,15,0,0
1672264006122,15,calculate test,200,,Thread Group 1-2,text,true,,198,374,3,3,http://localhost:8080/rest/sale/calculate,15,0,0
1672264006136,14,calculate test,200,,Thread Group 1-3,text,true,,198,374,3,3,http://localhost:8080/rest/sale/calculate,14,0,0
1672264006136,14,calculate test,200,,Thread Group 1-1,text,true,,198,374,3,3,http://localhost:8080/rest/sale/calculate,14,0,0
1672264006138,12,calculate test,200,,Thread Group 1-2,text,true,,198,374,3,3,http://localhost:8080/rest/sale/calculate,12,0,0
1672264006150,17,calculate test,200,,Thread Group 1-3,text,true,,198,374,3,3,http://localhost:8080/rest/sale/calculate,17,0,0
1672264006150,18,calculate test,200,,Thread Group 1-1,text,true,,198,374,3,3,http://localhost:8080/rest/sale/calculate,17,0,0
1672264006151,16,calculate test,200,,Thread Group 1-2,text,true,,198,374,3,3,http://localhost:8080/rest/sale/calculate,16,0,0
1672264006168,14,calculate test,200,,Thread Group 1-3,text,true,,198,374,3,3,http://localhost:8080/rest/sale/calculate,14,0,0
1672264006168,14,calculate test,200,,Thread Group 1-1,text,true,,198,374,3,3,http://localhost:8080/rest/sale/calculate,14,0,0
1672264006168,14,calculate test,200,,Thread Group 1-2,text,true,,198,374,3,3,http://localhost:8080/rest/sale/calculate,14,0,0
1672264006183,14,calculate test,200,,Thread Group 1-1,text,true,,198,374,3,3,http://localhost:8080/rest/sale/calculate,14,0,0
1672264006183,14,calculate test,200,,Thread Group 1-2,text,true,,198,374,3,3,http://localhost:8080/rest/sale/calculate,14,0,0
1672264006183,14,calculate test,200,,Thread Group 1-3,text,true,,198,374,3,3,http://localhost:8080/rest/sale/calculate,14,0,0
1672264006198,14,calculate test,200,,Thread Group 1-3,text,true,,198,374,3,3,http://localhost:8080/rest/sale/calculate,14,0,0
1672264006198,14,calculate test,200,,Thread Group 1-1,text,true,,198,374,3,3,http://localhost:8080/rest/sale/calculate,13,0,0
1672264006198,14,calculate test,200,,Thread Group 1-2,text,true,,198,374,3,3,http://localhost:8080/rest/sale/calculate,14,0,0
1672264006213,14,calculate test,200,,Thread Group 1-2,text,true,,198,374,3,3,http://localhost:8080/rest/sale/calculate,14,0,0
1672264006213,14,calculate test,200,,Thread Group 1-3,text,true,,198,374,3,3,http://localhost:8080/rest/sale/calculate,14,0,0
1672264006213,14,calculate test,200,,Thread Group 1-1,text,true,,198,374,3,3,http://localhost:8080/rest/sale/calculate,14,0,0
1672264006228,17,calculate test,200,,Thread Group 1-1,text,true,,198,374,4,4,http://localhost:8080/rest/sale/calculate,16,0,0
1672264006227,18,calculate test,200,,Thread Group 1-2,text,true,,198,374,4,4,http://localhost:8080/rest/sale/calculate,18,0,0
1672264006227,18,calculate test,200,,Thread Group 1-3,text,true,,198,374,4,4,http://localhost:8080/rest/sale/calculate,18,0,0
1672264006231,17,calculate test,200,,Thread Group 1-4,text,true,,198,374,4,4,http://localhost:8080/rest/sale/calculate,17,0,0
1672264006246,15,calculate test,200,,Thread Group 1-2,text,true,,198,374,4,4,http://localhost:8080/rest/sale/calculate,15,0,0
1672264006246,15,calculate test,200,,Thread Group 1-1,text,true,,198,374,4,4,http://localhost:8080/rest/sale/calculate,15,0,0
1672264006246,15,calculate test,200,,Thread Group 1-3,text,true,,198,374,4,4,http://localhost:8080/rest/sale/calculate,15,0,0
1672264006249,16,calculate test,200,,Thread Group 1-4,text,true,,198,374,4,4,http://localhost:8080/rest/sale/calculate,16,0,0
1672264006262,17,calculate test,200,,Thread Group 1-3,text,true,,198,374,4,4,http://localhost:8080/rest/sale/calculate,17,0,0
1672264006261,18,calculate test,200,,Thread Group 1-1,text,true,,198,374,4,4,http://localhost:8080/rest/sale/calculate,18,0,0
1672264006261,18,calculate test,200,,Thread Group 1-2,text,true,,198,374,4,4,http://localhost:8080/rest/sale/calculate,18,0,0
1672264006266,16,calculate test,200,,Thread Group 1-4,text,true,,198,374,4,4,http://localhost:8080/rest/sale/calculate,16,0,0
1672264006280,14,calculate test,200,,Thread Group 1-1,text,true,,198,374,4,4,http://localhost:8080/rest/sale/calculate,14,0,0
1672264006280,15,calculate test,200,,Thread Group 1-2,text,true,,198,374,4,4,http://localhost:8080/rest/sale/calculate,14,0,0
1672264006280,16,calculate test,200,,Thread Group 1-3,text,true,,198,374,4,4,http://localhost:8080/rest/sale/calculate,16,0,0
1672264006282,15,calculate test,200,,Thread Group 1-4,text,true,,198,374,4,4,http://localhost:8080/rest/sale/calculate,15,0,0
1672264006295,15,calculate test,200,,Thread Group 1-2,text,true,,198,374,4,4,http://localhost:8080/rest/sale/calculate,15,0,0
1672264006296,14,calculate test,200,,Thread Group 1-3,text,true,,198,374,4,4,http://localhost:8080/rest/sale/calculate,14,0,0
1672264006295,15,calculate test,200,,Thread Group 1-1,text,true,,198,374,4,4,http://localhost:8080/rest/sale/calculate,15,0,0
1672264006297,13,calculate test,200,,Thread Group 1-4,text,true,,198,374,4,4,http://localhost:8080/rest/sale/calculate,13,0,0
1672264006311,19,calculate test,200,,Thread Group 1-2,text,true,,198,374,4,4,http://localhost:8080/rest/sale/calculate,19,0,0
1672264006311,19,calculate test,200,,Thread Group 1-3,text,true,,198,374,4,4,http://localhost:8080/rest/sale/calculate,19,0,0
1672264006312,18,calculate test,200,,Thread Group 1-4,text,true,,198,374,4,4,http://localhost:8080/rest/sale/calculate,18,0,0
1672264006312,18,calculate test,200,,Thread Group 1-1,text,true,,198,374,4,4,http://localhost:8080/rest/sale/calculate,18,0,0
1672264006330,16,calculate test,200,,Thread Group 1-4,text,true,,198,374,4,4,http://localhost:8080/rest/sale/calculate,16,0,0
1672264006331,15,calculate test,200,,Thread Group 1-1,text,true,,198,374,4,4,http://localhost:8080/rest/sale/calculate,14,0,0
1672264006330,16,calculate test,200,,Thread Group 1-2,text,true,,198,374,4,4,http://localhost:8080/rest/sale/calculate,15,0,0
1672264006330,16,calculate test,200,,Thread Group 1-3,text,true,,198,374,4,4,http://localhost:8080/rest/sale/calculate,16,0,0
1672264006346,19,calculate test,200,,Thread Group 1-4,text,true,,198,374,4,4,http://localhost:8080/rest/sale/calculate,19,0,0
1672264006348,17,calculate test,200,,Thread Group 1-3,text,true,,198,374,4,4,http://localhost:8080/rest/sale/calculate,17,0,0
1672264006347,18,calculate test,200,,Thread Group 1-2,text,true,,198,374,4,4,http://localhost:8080/rest/sale/calculate,15,0,0
1672264006347,18,calculate test,200,,Thread Group 1-1,text,true,,198,374,4,4,http://localhost:8080/rest/sale/calculate,18,0,0
1672264006366,15,calculate test,200,,Thread Group 1-1,text,true,,198,374,4,4,http://localhost:8080/rest/sale/calculate,15,0,0
1672264006366,16,calculate test,200,,Thread Group 1-3,text,true,,198,374,4,4,http://localhost:8080/rest/sale/calculate,15,0,0
1672264006366,16,calculate test,200,,Thread Group 1-4,text,true,,198,374,4,4,http://localhost:8080/rest/sale/calculate,16,0,0
1672264006366,16,calculate test,200,,Thread Group 1-2,text,true,,198,374,4,4,http://localhost:8080/rest/sale/calculate,16,0,0
1672264006381,16,calculate test,200,,Thread Group 1-1,text,true,,198,374,4,4,http://localhost:8080/rest/sale/calculate,16,0,0
1672264006382,15,calculate test,200,,Thread Group 1-3,text,true,,198,374,4,4,http://localhost:8080/rest/sale/calculate,14,0,0
1672264006382,15,calculate test,200,,Thread Group 1-4,text,true,,198,374,4,4,http://localhost:8080/rest/sale/calculate,15,0,0
1672264006383,15,calculate test,200,,Thread Group 1-2,text,true,,198,374,4,4,http://localhost:8080/rest/sale/calculate,15,0,0
1672264006397,17,calculate test,200,,Thread Group 1-1,text,true,,198,374,4,4,http://localhost:8080/rest/sale/calculate,17,0,0
1672264006399,16,calculate test,200,,Thread Group 1-2,text,true,,198,374,4,4,http://localhost:8080/rest/sale/calculate,16,0,0
1672264006397,18,calculate test,200,,Thread Group 1-3,text,true,,198,374,4,4,http://localhost:8080/rest/sale/calculate,18,0,0
1672264006398,16,calculate test,200,,Thread Group 1-4,text,true,,198,374,4,4,http://localhost:8080/rest/sale/calculate,16,0,0
1672264006416,14,calculate test,200,,Thread Group 1-3,text,true,,198,374,5,5,http://localhost:8080/rest/sale/calculate,14,0,0
1672264006416,14,calculate test,200,,Thread Group 1-2,text,true,,198,374,5,5,http://localhost:8080/rest/sale/calculate,14,0,0
1672264006415,15,calculate test,200,,Thread Group 1-1,text,true,,198,374,5,5,http://localhost:8080/rest/sale/calculate,15,0,0
1672264006416,15,calculate test,200,,Thread Group 1-4,text,true,,198,374,5,5,http://localhost:8080/rest/sale/calculate,15,0,0
1672264006432,15,calculate test,200,,Thread Group 1-1,text,true,,198,374,5,5,http://localhost:8080/rest/sale/calculate,15,0,0
1672264006431,16,calculate test,200,,Thread Group 1-2,text,true,,198,374,5,5,http://localhost:8080/rest/sale/calculate,16,0,0
1672264006431,17,calculate test,200,,Thread Group 1-3,text,true,,198,374,5,5,http://localhost:8080/rest/sale/calculate,16,0,0
1672264006432,16,calculate test,200,,Thread Group 1-4,text,true,,198,374,5,5,http://localhost:8080/rest/sale/calculate,16,0,0
1672264006431,16,calculate test,200,,Thread Group 1-5,text,true,,198,374,5,5,http://localhost:8080/rest/sale/calculate,16,0,1
1672264006448,16,calculate test,200,,Thread Group 1-2,text,true,,198,374,5,5,http://localhost:8080/rest/sale/calculate,16,0,0
1672264006448,16,calculate test,200,,Thread Group 1-3,text,true,,198,374,5,5,http://localhost:8080/rest/sale/calculate,16,0,0
1672264006448,17,calculate test,200,,Thread Group 1-4,text,true,,198,374,5,5,http://localhost:8080/rest/sale/calculate,17,0,0
1672264006449,16,calculate test,200,,Thread Group 1-5,text,true,,198,374,5,5,http://localhost:8080/rest/sale/calculate,16,0,0
1672264006449,16,calculate test,200,,Thread Group 1-1,text,true,,198,374,5,5,http://localhost:8080/rest/sale/calculate,16,0,0
1672264006466,14,calculate test,200,,Thread Group 1-1,text,true,,198,374,5,5,http://localhost:8080/rest/sale/calculate,14,0,0
1672264006465,15,calculate test,200,,Thread Group 1-2,text,true,,198,374,5,5,http://localhost:8080/rest/sale/calculate,15,0,0
1672264006465,16,calculate test,200,,Thread Group 1-5,text,true,,198,374,5,5,http://localhost:8080/rest/sale/calculate,16,0,0
1672264006465,16,calculate test,200,,Thread Group 1-4,text,true,,198,374,5,5,http://localhost:8080/rest/sale/calculate,16,0,0
1672264006465,16,calculate test,200,,Thread Group 1-3,text,true,,198,374,5,5,http://localhost:8080/rest/sale/calculate,16,0,0
1672264006481,18,calculate test,200,,Thread Group 1-5,text,true,,198,374,5,5,http://localhost:8080/rest/sale/calculate,18,0,0
1672264006481,19,calculate test,200,,Thread Group 1-2,text,true,,198,374,5,5,http://localhost:8080/rest/sale/calculate,19,0,0
1672264006481,20,calculate test,200,,Thread Group 1-1,text,true,,198,374,5,5,http://localhost:8080/rest/sale/calculate,20,0,0
1672264006482,20,calculate test,200,,Thread Group 1-3,text,true,,198,374,5,5,http://localhost:8080/rest/sale/calculate,20,0,0
1672264006482,22,calculate test,200,,Thread Group 1-4,text,true,,198,374,5,5,http://localhost:8080/rest/sale/calculate,22,0,0
1672264006501,18,calculate test,200,,Thread Group 1-2,text,true,,198,374,5,5,http://localhost:8080/rest/sale/calculate,18,0,0
1672264006499,20,calculate test,200,,Thread Group 1-5,text,true,,198,374,5,5,http://localhost:8080/rest/sale/calculate,20,0,0
1672264006502,19,calculate test,200,,Thread Group 1-1,text,true,,198,374,5,5,http://localhost:8080/rest/sale/calculate,19,0,0
1672264006504,19,calculate test,200,,Thread Group 1-4,text,true,,198,374,5,5,http://localhost:8080/rest/sale/calculate,19,0,0
1672264006503,22,calculate test,200,,Thread Group 1-3,text,true,,198,374,5,5,http://localhost:8080/rest/sale/calculate,22,0,0
1672264006520,27,calculate test,200,,Thread Group 1-5,text,true,,198,374,5,5,http://localhost:8080/rest/sale/calculate,27,0,0
1672264006523,25,calculate test,200,,Thread Group 1-1,text,true,,198,374,5,5,http://localhost:8080/rest/sale/calculate,25,0,0
1672264006520,29,calculate test,200,,Thread Group 1-2,text,true,,198,374,5,5,http://localhost:8080/rest/sale/calculate,29,0,0
1672264006524,26,calculate test,200,,Thread Group 1-4,text,true,,198,374,5,5,http://localhost:8080/rest/sale/calculate,26,0,0
1672264006526,25,calculate test,200,,Thread Group 1-3,text,true,,198,374,5,5,http://localhost:8080/rest/sale/calculate,25,0,0
1672264006547,16,calculate test,200,,Thread Group 1-5,text,true,,198,374,5,5,http://localhost:8080/rest/sale/calculate,16,0,0
1672264006549,16,calculate test,200,,Thread Group 1-1,text,true,,198,374,5,5,http://localhost:8080/rest/sale/calculate,16,0,0
1672264006550,16,calculate test,200,,Thread Group 1-4,text,true,,198,374,5,5,http://localhost:8080/rest/sale/calculate,16,0,0
1672264006549,16,calculate test,200,,Thread Group 1-2,text,true,,198,374,5,5,http://localhost:8080/rest/sale/calculate,16,0,0
1672264006551,17,calculate test,200,,Thread Group 1-3,text,true,,198,374,5,5,http://localhost:8080/rest/sale/calculate,17,0,0
1672264006564,17,calculate test,200,,Thread Group 1-5,text,true,,198,374,5,5,http://localhost:8080/rest/sale/calculate,17,0,0
1672264006566,16,calculate test,200,,Thread Group 1-1,text,true,,198,374,5,5,http://localhost:8080/rest/sale/calculate,16,0,0
1672264006566,16,calculate test,200,,Thread Group 1-2,text,true,,198,374,5,5,http://localhost:8080/rest/sale/calculate,16,0,0
1672264006566,16,calculate test,200,,Thread Group 1-4,text,true,,198,374,5,5,http://localhost:8080/rest/sale/calculate,16,0,0
1672264006568,18,calculate test,200,,Thread Group 1-3,text,true,,198,374,5,5,http://localhost:8080/rest/sale/calculate,18,0,0
1672264006583,15,calculate test,200,,Thread Group 1-4,text,true,,198,374,5,5,http://localhost:8080/rest/sale/calculate,15,0,0
1672264006582,16,calculate test,200,,Thread Group 1-5,text,true,,198,374,5,5,http://localhost:8080/rest/sale/calculate,16,0,0
1672264006583,16,calculate test,200,,Thread Group 1-1,text,true,,198,374,5,5,http://localhost:8080/rest/sale/calculate,16,0,0
1672264006583,16,calculate test,200,,Thread Group 1-2,text,true,,198,374,5,5,http://localhost:8080/rest/sale/calculate,16,0,0
1672264006587,14,calculate test,200,,Thread Group 1-3,text,true,,198,374,5,5,http://localhost:8080/rest/sale/calculate,14,0,0
1672264006599,15,calculate test,200,,Thread Group 1-4,text,true,,198,374,5,5,http://localhost:8080/rest/sale/calculate,15,0,0
1672264006599,15,calculate test,200,,Thread Group 1-1,text,true,,198,374,5,5,http://localhost:8080/rest/sale/calculate,15,0,0
1672264006599,15,calculate test,200,,Thread Group 1-5,text,true,,198,374,5,5,http://localhost:8080/rest/sale/calculate,15,0,0
1672264006599,16,calculate test,200,,Thread Group 1-2,text,true,,198,374,5,5,http://localhost:8080/rest/sale/calculate,16,0,0
1672264006602,15,calculate test,200,,Thread Group 1-3,text,true,,198,374,5,5,http://localhost:8080/rest/sale/calculate,14,0,0
1672264006615,16,calculate test,200,,Thread Group 1-5,text,true,,198,374,5,5,http://localhost:8080/rest/sale/calculate,16,0,0
1672264006615,17,calculate test,200,,Thread Group 1-4,text,true,,198,374,5,5,http://localhost:8080/rest/sale/calculate,17,0,0
1672264006615,17,calculate test,200,,Thread Group 1-1,text,true,,198,374,5,5,http://localhost:8080/rest/sale/calculate,17,0,0
1672264006615,17,calculate test,200,,Thread Group 1-2,text,true,,198,374,5,5,http://localhost:8080/rest/sale/calculate,17,0,0
1672264006617,18,calculate test,200,,Thread Group 1-3,text,true,,198,374,5,5,http://localhost:8080/rest/sale/calculate,18,0,0
1672264006632,19,calculate test,200,,Thread Group 1-2,text,true,,198,374,5,5,http://localhost:8080/rest/sale/calculate,19,0,0
1672264006632,20,calculate test,200,,Thread Group 1-5,text,true,,198,374,5,5,http://localhost:8080/rest/sale/calculate,20,0,0
1672264006632,19,calculate test,200,,Thread Group 1-4,text,true,,198,374,5,5,http://localhost:8080/rest/sale/calculate,19,0,0
1672264006635,17,calculate test,200,,Thread Group 1-3,text,true,,198,374,5,5,http://localhost:8080/rest/sale/calculate,17,0,0
1672264006632,20,calculate test,200,,Thread Group 1-1,text,true,,198,374,5,5,http://localhost:8080/rest/sale/calculate,20,0,0
1672264006652,15,calculate test,200,,Thread Group 1-5,text,true,,198,374,5,5,http://localhost:8080/rest/sale/calculate,15,0,0
1672264006652,15,calculate test,200,,Thread Group 1-4,text,true,,198,374,5,5,http://localhost:8080/rest/sale/calculate,15,0,0
1672264006652,17,calculate test,200,,Thread Group 1-2,text,true,,198,374,5,5,http://localhost:8080/rest/sale/calculate,17,0,0
1672264006653,16,calculate test,200,,Thread Group 1-3,text,true,,198,374,5,5,http://localhost:8080/rest/sale/calculate,16,0,0
1672264006656,22,calculate test,200,,Thread Group 1-1,text,true,,198,374,5,5,http://localhost:8080/rest/sale/calculate,22,0,0
1672264006669,20,calculate test,200,,Thread Group 1-2,text,true,,198,374,5,5,http://localhost:8080/rest/sale/calculate,20,0,0
1672264006668,21,calculate test,200,,Thread Group 1-4,text,true,,198,374,5,5,http://localhost:8080/rest/sale/calculate,21,0,0
1672264006668,21,calculate test,200,,Thread Group 1-5,text,true,,198,374,5,5,http://localhost:8080/rest/sale/calculate,21,0,0
1672264006669,24,calculate test,200,,Thread Group 1-3,text,true,,198,374,5,5,http://localhost:8080/rest/sale/calculate,24,0,0
1672264006679,20,calculate test,200,,Thread Group 1-1,text,true,,198,374,5,5,http://localhost:8080/rest/sale/calculate,20,0,0
1672264006689,18,calculate test,200,,Thread Group 1-4,text,true,,198,374,5,5,http://localhost:8080/rest/sale/calculate,18,0,0
1672264006689,19,calculate test,200,,Thread Group 1-2,text,true,,198,374,5,5,http://localhost:8080/rest/sale/calculate,18,0,0
1672264006689,18,calculate test,200,,Thread Group 1-5,text,true,,198,374,5,5,http://localhost:8080/rest/sale/calculate,18,0,0
1672264006693,18,calculate test,200,,Thread Group 1-3,text,true,,198,374,5,5,http://localhost:8080/rest/sale/calculate,17,0,0
1672264006700,18,calculate test,200,,Thread Group 1-1,text,true,,198,374,5,5,http://localhost:8080/rest/sale/calculate,18,0,0
1672264006708,21,calculate test,200,,Thread Group 1-5,text,true,,198,374,5,5,http://localhost:8080/rest/sale/calculate,21,0,0
1672264006708,22,calculate test,200,,Thread Group 1-2,text,true,,198,374,5,5,http://localhost:8080/rest/sale/calculate,22,0,0
1672264006711,20,calculate test,200,,Thread Group 1-3,text,true,,198,374,5,5,http://localhost:8080/rest/sale/calculate,20,0,0
1672264006708,23,calculate test,200,,Thread Group 1-4,text,true,,198,374,5,5,http://localhost:8080/rest/sale/calculate,23,0,0
1672264006718,23,calculate test,200,,Thread Group 1-1,text,true,,198,374,5,5,http://localhost:8080/rest/sale/calculate,23,0,0
1672264006729,21,calculate test,200,,Thread Group 1-5,text,true,,198,374,5,5,http://localhost:8080/rest/sale/calculate,21,0,0
1672264006731,19,calculate test,200,,Thread Group 1-3,text,true,,198,374,5,5,http://localhost:8080/rest/sale/calculate,19,0,0
1672264006731,20,calculate test,200,,Thread Group 1-4,text,true,,198,374,5,5,http://localhost:8080/rest/sale/calculate,19,0,0
1672264006731,19,calculate test,200,,Thread Group 1-2,text,true,,198,374,5,5,http://localhost:8080/rest/sale/calculate,19,0,0
1672264006741,20,calculate test,200,,Thread Group 1-1,text,true,,198,374,5,5,http://localhost:8080/rest/sale/calculate,20,0,0
1672264006751,21,calculate test,200,,Thread Group 1-3,text,true,,198,374,5,5,http://localhost:8080/rest/sale/calculate,21,0,0
1672264006751,21,calculate test,200,,Thread Group 1-2,text,true,,198,374,5,5,http://localhost:8080/rest/sale/calculate,21,0,0
1672264006751,21,calculate test,200,,Thread Group 1-4,text,true,,198,374,5,5,http://localhost:8080/rest/sale/calculate,21,0,0
1672264006751,23,calculate test,200,,Thread Group 1-5,text,true,,198,374,5,5,http://localhost:8080/rest/sale/calculate,23,0,0
1672264006761,20,calculate test,200,,Thread Group 1-1,text,true,,198,374,5,5,http://localhost:8080/rest/sale/calculate,20,0,0
1672264006772,20,calculate test,200,,Thread Group 1-3,text,true,,198,374,5,5,http://localhost:8080/rest/sale/calculate,20,0,0
1672264006774,19,calculate test,200,,Thread Group 1-5,text,true,,198,374,5,5,http://localhost:8080/rest/sale/calculate,19,0,0
1672264006772,22,calculate test,200,,Thread Group 1-2,text,true,,198,374,5,5,http://localhost:8080/rest/sale/calculate,22,0,0
1672264006772,22,calculate test,200,,Thread Group 1-4,text,true,,198,374,5,5,http://localhost:8080/rest/sale/calculate,22,0,0
1672264006782,19,calculate test,200,,Thread Group 1-1,text,true,,198,374,5,5,http://localhost:8080/rest/sale/calculate,19,0,0
1672264006793,18,calculate test,200,,Thread Group 1-5,text,true,,198,374,5,5,http://localhost:8080/rest/sale/calculate,18,0,0
1672264006794,17,calculate test,200,,Thread Group 1-4,text,true,,198,374,5,5,http://localhost:8080/rest/sale/calculate,17,0,0
1672264006792,20,calculate test,200,,Thread Group 1-3,text,true,,198,374,5,5,http://localhost:8080/rest/sale/calculate,20,0,0
1672264006794,18,calculate test,200,,Thread Group 1-2,text,true,,198,374,5,5,http://localhost:8080/rest/sale/calculate,18,0,0
1672264006801,20,calculate test,200,,Thread Group 1-1,text,true,,198,374,5,5,http://localhost:8080/rest/sale/calculate,20,0,0
1672264006812,20,calculate test,200,,Thread Group 1-5,text,true,,198,374,5,5,http://localhost:8080/rest/sale/calculate,20,0,0
1672264006812,20,calculate test,200,,Thread Group 1-4,text,true,,198,374,5,5,http://localhost:8080/rest/sale/calculate,20,0,0
1672264006812,20,calculate test,200,,Thread Group 1-2,text,true,,198,374,5,5,http://localhost:8080/rest/sale/calculate,20,0,0
1672264006812,21,calculate test,200,,Thread Group 1-3,text,true,,198,374,5,5,http://localhost:8080/rest/sale/calculate,21,0,0
1672264006822,18,calculate test,200,,Thread Group 1-1,text,true,,198,374,5,5,http://localhost:8080/rest/sale/calculate,18,0,0
1672264006832,20,calculate test,200,,Thread Group 1-5,text,true,,198,374,5,5,http://localhost:8080/rest/sale/calculate,20,0,0
1672264006832,20,calculate test,200,,Thread Group 1-2,text,true,,198,374,5,5,http://localhost:8080/rest/sale/calculate,20,0,0
1672264006832,20,calculate test,200,,Thread Group 1-4,text,true,,198,374,5,5,http://localhost:8080/rest/sale/calculate,20,0,0
1672264006833,21,calculate test,200,,Thread Group 1-3,text,true,,198,374,5,5,http://localhost:8080/rest/sale/calculate,21,0,0
1672264006841,19,calculate test,200,,Thread Group 1-1,text,true,,198,374,5,5,http://localhost:8080/rest/sale/calculate,19,0,0
1672264006853,16,calculate test,200,,Thread Group 1-4,text,true,,198,374,5,5,http://localhost:8080/rest/sale/calculate,16,0,0
1672264006852,17,calculate test,200,,Thread Group 1-2,text,true,,198,374,5,5,http://localhost:8080/rest/sale/calculate,17,0,0
1672264006852,18,calculate test,200,,Thread Group 1-5,text,true,,198,374,5,5,http://localhost:8080/rest/sale/calculate,18,0,0
1672264006855,16,calculate test,200,,Thread Group 1-3,text,true,,198,374,5,5,http://localhost:8080/rest/sale/calculate,16,0,0
1672264006860,17,calculate test,200,,Thread Group 1-1,text,true,,198,374,5,5,http://localhost:8080/rest/sale/calculate,17,0,0
1672264006869,17,calculate test,200,,Thread Group 1-2,text,true,,198,374,5,5,http://localhost:8080/rest/sale/calculate,17,0,0
1672264006870,16,calculate test,200,,Thread Group 1-5,text,true,,198,374,5,5,http://localhost:8080/rest/sale/calculate,16,0,0
1672264006869,17,calculate test,200,,Thread Group 1-4,text,true,,198,374,5,5,http://localhost:8080/rest/sale/calculate,17,0,0
1672264006871,16,calculate test,200,,Thread Group 1-3,text,true,,198,374,5,5,http://localhost:8080/rest/sale/calculate,16,0,0
1672264006877,15,calculate test,200,,Thread Group 1-1,text,true,,198,374,5,5,http://localhost:8080/rest/sale/calculate,15,0,0
1672264006887,13,calculate test,200,,Thread Group 1-3,text,true,,198,374,5,5,http://localhost:8080/rest/sale/calculate,13,0,0
1672264006886,14,calculate test,200,,Thread Group 1-5,text,true,,198,374,5,5,http://localhost:8080/rest/sale/calculate,14,0,0
1672264006886,15,calculate test,200,,Thread Group 1-4,text,true,,198,374,5,5,http://localhost:8080/rest/sale/calculate,15,0,0
1672264006886,15,calculate test,200,,Thread Group 1-2,text,true,,198,374,5,5,http://localhost:8080/rest/sale/calculate,15,0,0
1672264006892,17,calculate test,200,,Thread Group 1-1,text,true,,198,374,5,5,http://localhost:8080/rest/sale/calculate,17,0,0
1672264006901,15,calculate test,200,,Thread Group 1-4,text,true,,198,374,5,5,http://localhost:8080/rest/sale/calculate,15,0,0
1672264006901,15,calculate test,200,,Thread Group 1-2,text,true,,198,374,5,5,http://localhost:8080/rest/sale/calculate,15,0,0
1672264006901,15,calculate test,200,,Thread Group 1-3,text,true,,198,374,5,5,http://localhost:8080/rest/sale/calculate,15,0,0
1672264006901,18,calculate test,200,,Thread Group 1-5,text,true,,198,374,5,5,http://localhost:8080/rest/sale/calculate,18,0,0
1672264006909,21,calculate test,200,,Thread Group 1-1,text,true,,198,374,5,5,http://localhost:8080/rest/sale/calculate,21,0,0
1672264006916,25,calculate test,200,,Thread Group 1-4,text,true,,198,374,5,5,http://localhost:8080/rest/sale/calculate,25,0,0
1672264006919,22,calculate test,200,,Thread Group 1-5,text,true,,198,374,5,5,http://localhost:8080/rest/sale/calculate,22,0,0
1672264006917,24,calculate test,200,,Thread Group 1-2,text,true,,198,374,5,5,http://localhost:8080/rest/sale/calculate,24,0,0
1672264006917,24,calculate test,200,,Thread Group 1-3,text,true,,198,374,5,5,http://localhost:8080/rest/sale/calculate,24,0,0
1672264006931,35,calculate test,200,,Thread Group 1-1,text,true,,198,374,5,5,http://localhost:8080/rest/sale/calculate,35,0,0
1672264006941,25,calculate test,200,,Thread Group 1-5,text,true,,198,374,5,5,http://localhost:8080/rest/sale/calculate,25,0,0
1672264006941,25,calculate test,200,,Thread Group 1-2,text,true,,198,374,5,5,http://localhost:8080/rest/sale/calculate,25,0,0
1672264006942,25,calculate test,200,,Thread Group 1-3,text,true,,198,374,5,5,http://localhost:8080/rest/sale/calculate,25,0,0
1672264006941,26,calculate test,200,,Thread Group 1-4,text,true,,198,374,5,5,http://localhost:8080/rest/sale/calculate,25,0,0
1672264006967,20,calculate test,200,,Thread Group 1-3,text,true,,198,374,5,5,http://localhost:8080/rest/sale/calculate,20,0,0
1672264006966,22,calculate test,200,,Thread Group 1-1,text,true,,198,374,5,5,http://localhost:8080/rest/sale/calculate,22,0,0
1672264006967,22,calculate test,200,,Thread Group 1-2,text,true,,198,374,5,5,http://localhost:8080/rest/sale/calculate,22,0,0
1672264006967,22,calculate test,200,,Thread Group 1-4,text,true,,198,374,5,5,http://localhost:8080/rest/sale/calculate,22,0,0
1672264006966,23,calculate test,200,,Thread Group 1-5,text,true,,198,374,5,5,http://localhost:8080/rest/sale/calculate,23,0,0
1672264006990,17,calculate test,200,,Thread Group 1-4,text,true,,198,374,5,5,http://localhost:8080/rest/sale/calculate,17,0,0
1672264006990,17,calculate test,200,,Thread Group 1-2,text,true,,198,374,5,5,http://localhost:8080/rest/sale/calculate,17,0,0
1672264006989,18,calculate test,200,,Thread Group 1-1,text,true,,198,374,5,5,http://localhost:8080/rest/sale/calculate,18,0,0
1672264006988,20,calculate test,200,,Thread Group 1-3,text,true,,198,374,5,5,http://localhost:8080/rest/sale/calculate,20,0,0
1672264006990,18,calculate test,200,,Thread Group 1-5,text,true,,198,374,5,5,http://localhost:8080/rest/sale/calculate,18,0,0
1672264007007,17,calculate test,200,,Thread Group 1-4,text,true,,198,374,5,5,http://localhost:8080/rest/sale/calculate,17,0,0
1672264007008,16,calculate test,200,,Thread Group 1-1,text,true,,198,374,5,5,http://localhost:8080/rest/sale/calculate,16,0,0
1672264007008,17,calculate test,200,,Thread Group 1-3,text,true,,198,374,5,5,http://localhost:8080/rest/sale/calculate,17,0,0
1672264007008,17,calculate test,200,,Thread Group 1-5,text,true,,198,374,5,5,http://localhost:8080/rest/sale/calculate,17,0,0
1672264007008,17,calculate test,200,,Thread Group 1-2,text,true,,198,374,5,5,http://localhost:8080/rest/sale/calculate,17,0,0
1672264007025,16,calculate test,200,,Thread Group 1-1,text,true,,198,374,5,5,http://localhost:8080/rest/sale/calculate,16,0,0
1672264007026,18,calculate test,200,,Thread Group 1-5,text,true,,198,374,5,5,http://localhost:8080/rest/sale/calculate,18,0,0
1672264007025,19,calculate test,200,,Thread Group 1-3,text,true,,198,374,5,5,http://localhost:8080/rest/sale/calculate,19,0,0
1672264007026,21,calculate test,200,,Thread Group 1-2,text,true,,198,374,5,5,http://localhost:8080/rest/sale/calculate,21,0,0
1672264007025,24,calculate test,200,,Thread Group 1-4,text,true,,198,374,5,5,http://localhost:8080/rest/sale/calculate,24,0,0
1672264007044,17,calculate test,200,,Thread Group 1-3,text,true,,198,374,5,5,http://localhost:8080/rest/sale/calculate,17,0,0
1672264007041,22,calculate test,200,,Thread Group 1-1,text,true,,198,374,5,5,http://localhost:8080/rest/sale/calculate,22,0,0
1672264007044,20,calculate test,200,,Thread Group 1-5,text,true,,198,374,5,5,http://localhost:8080/rest/sale/calculate,20,0,0
1672264007049,19,calculate test,200,,Thread Group 1-4,text,true,,198,374,5,5,http://localhost:8080/rest/sale/calculate,19,0,0
1672264007047,21,calculate test,200,,Thread Group 1-2,text,true,,198,374,5,5,http://localhost:8080/rest/sale/calculate,21,0,0
1672264007064,17,calculate test,200,,Thread Group 1-5,text,true,,198,374,5,5,http://localhost:8080/rest/sale/calculate,17,0,0
1672264007062,19,calculate test,200,,Thread Group 1-3,text,true,,198,374,5,5,http://localhost:8080/rest/sale/calculate,19,0,0
1672264007063,18,calculate test,200,,Thread Group 1-1,text,true,,198,374,5,5,http://localhost:8080/rest/sale/calculate,18,0,0
1672264007069,18,calculate test,200,,Thread Group 1-2,text,true,,198,374,5,5,http://localhost:8080/rest/sale/calculate,18,0,0
1672264007068,21,calculate test,200,,Thread Group 1-4,text,true,,198,374,5,5,http://localhost:8080/rest/sale/calculate,21,0,0
1672264007081,17,calculate test,200,,Thread Group 1-5,text,true,,198,374,5,5,http://localhost:8080/rest/sale/calculate,17,0,0
1672264007082,17,calculate test,200,,Thread Group 1-1,text,true,,198,374,5,5,http://localhost:8080/rest/sale/calculate,17,0,0
1672264007081,20,calculate test,200,,Thread Group 1-3,text,true,,198,374,5,5,http://localhost:8080/rest/sale/calculate,20,0,0
1672264007089,17,calculate test,200,,Thread Group 1-4,text,true,,198,374,5,5,http://localhost:8080/rest/sale/calculate,16,0,0
1672264007087,19,calculate test,200,,Thread Group 1-2,text,true,,198,374,5,5,http://localhost:8080/rest/sale/calculate,19,0,0
1672264007099,18,calculate test,200,,Thread Group 1-1,text,true,,198,374,5,5,http://localhost:8080/rest/sale/calculate,18,0,0
1672264007099,18,calculate test,200,,Thread Group 1-5,text,true,,198,374,5,5,http://localhost:8080/rest/sale/calculate,18,0,0
1672264007101,17,calculate test,200,,Thread Group 1-3,text,true,,198,374,5,5,http://localhost:8080/rest/sale/calculate,17,0,0
1672264007106,17,calculate test,200,,Thread Group 1-4,text,true,,198,374,5,5,http://localhost:8080/rest/sale/calculate,17,0,0
1672264007107,17,calculate test,200,,Thread Group 1-2,text,true,,198,374,5,5,http://localhost:8080/rest/sale/calculate,17,0,0
1672264007117,20,calculate test,200,,Thread Group 1-5,text,true,,198,374,5,5,http://localhost:8080/rest/sale/calculate,20,0,0
1672264007117,23,calculate test,200,,Thread Group 1-1,text,true,,198,374,5,5,http://localhost:8080/rest/sale/calculate,23,0,0
1672264007118,23,calculate test,200,,Thread Group 1-3,text,true,,198,374,5,5,http://localhost:8080/rest/sale/calculate,23,0,0
1672264007124,22,calculate test,200,,Thread Group 1-2,text,true,,198,374,5,5,http://localhost:8080/rest/sale/calculate,22,0,0
1672264007123,23,calculate test,200,,Thread Group 1-4,text,true,,198,374,5,5,http://localhost:8080/rest/sale/calculate,23,0,0
1672264007138,20,calculate test,200,,Thread Group 1-5,text,true,,198,374,5,5,http://localhost:8080/rest/sale/calculate,20,0,0
1672264007141,18,calculate test,200,,Thread Group 1-3,text,true,,198,374,5,5,http://localhost:8080/rest/sale/calculate,18,0,0
1672264007141,18,calculate test,200,,Thread Group 1-1,text,true,,198,374,5,5,http://localhost:8080/rest/sale/calculate,18,0,0
1672264007146,17,calculate test,200,,Thread Group 1-4,text,true,,198,374,5,5,http://localhost:8080/rest/sale/calculate,17,0,0
1672264007146,19,calculate test,200,,Thread Group 1-2,text,true,,198,374,5,5,http://localhost:8080/rest/sale/calculate,19,0,0
1672264007158,18,calculate test,200,,Thread Group 1-5,text,true,,198,374,5,5,http://localhost:8080/rest/sale/calculate,18,0,0
1672264007159,18,calculate test,200,,Thread Group 1-3,text,true,,198,374,5,5,http://localhost:8080/rest/sale/calculate,18,0,0
1672264007160,18,calculate test,200,,Thread Group 1-1,text,true,,198,374,5,5,http://localhost:8080/rest/sale/calculate,18,0,0
1672264007164,17,calculate test,200,,Thread Group 1-4,text,true,,198,374,5,5,http://localhost:8080/rest/sale/calculate,17,0,0
1672264007165,16,calculate test,200,,Thread Group 1-2,text,true,,198,374,5,5,http://localhost:8080/rest/sale/calculate,16,0,0
1672264007177,19,calculate test,200,,Thread Group 1-5,text,true,,198,374,5,5,http://localhost:8080/rest/sale/calculate,19,0,0
1672264007178,18,calculate test,200,,Thread Group 1-1,text,true,,198,374,5,5,http://localhost:8080/rest/sale/calculate,18,0,0
1672264007177,19,calculate test,200,,Thread Group 1-3,text,true,,198,374,5,5,http://localhost:8080/rest/sale/calculate,19,0,0
1672264007182,17,calculate test,200,,Thread Group 1-4,text,true,,198,374,5,5,http://localhost:8080/rest/sale/calculate,17,0,0
1672264007182,17,calculate test,200,,Thread Group 1-2,text,true,,198,374,5,5,http://localhost:8080/rest/sale/calculate,17,0,0
1672264007197,14,calculate test,200,,Thread Group 1-1,text,true,,198,374,5,5,http://localhost:8080/rest/sale/calculate,14,0,0
1672264007197,15,calculate test,200,,Thread Group 1-5,text,true,,198,374,5,5,http://localhost:8080/rest/sale/calculate,15,0,0
1672264007197,15,calculate test,200,,Thread Group 1-3,text,true,,198,374,5,5,http://localhost:8080/rest/sale/calculate,15,0,0
1672264007199,15,calculate test,200,,Thread Group 1-2,text,true,,198,374,5,5,http://localhost:8080/rest/sale/calculate,15,0,0
1672264007199,16,calculate test,200,,Thread Group 1-4,text,true,,198,374,5,5,http://localhost:8080/rest/sale/calculate,16,0,0
1672264007212,16,calculate test,200,,Thread Group 1-3,text,true,,198,374,5,5,http://localhost:8080/rest/sale/calculate,16,0,0
1672264007212,16,calculate test,200,,Thread Group 1-1,text,true,,198,374,5,5,http://localhost:8080/rest/sale/calculate,16,0,0
1672264007212,17,calculate test,200,,Thread Group 1-5,text,true,,198,374,5,5,http://localhost:8080/rest/sale/calculate,17,0,0
1672264007215,14,calculate test,200,,Thread Group 1-2,text,true,,198,374,5,5,http://localhost:8080/rest/sale/calculate,14,0,0
1672264007215,14,calculate test,200,,Thread Group 1-4,text,true,,198,374,5,5,http://localhost:8080/rest/sale/calculate,14,0,0
1672264007230,14,calculate test,200,,Thread Group 1-4,text,true,,198,374,5,5,http://localhost:8080/rest/sale/calculate,14,0,0
1672264007229,15,calculate test,200,,Thread Group 1-1,text,true,,198,374,5,5,http://localhost:8080/rest/sale/calculate,15,0,0
1672264007229,16,calculate test,200,,Thread Group 1-3,text,true,,198,374,5,5,http://localhost:8080/rest/sale/calculate,16,0,0
1672264007230,15,calculate test,200,,Thread Group 1-2,text,true,,198,374,5,5,http://localhost:8080/rest/sale/calculate,15,0,0
1672264007229,16,calculate test,200,,Thread Group 1-5,text,true,,198,374,5,5,http://localhost:8080/rest/sale/calculate,16,0,0
1672264007245,16,calculate test,200,,Thread Group 1-1,text,true,,198,374,5,5,http://localhost:8080/rest/sale/calculate,16,0,0
1672264007245,16,calculate test,200,,Thread Group 1-4,text,true,,198,374,5,5,http://localhost:8080/rest/sale/calculate,16,0,0
1672264007246,19,calculate test,200,,Thread Group 1-2,text,true,,198,374,5,5,http://localhost:8080/rest/sale/calculate,19,0,0
1672264007246,20,calculate test,200,,Thread Group 1-3,text,true,,198,374,5,5,http://localhost:8080/rest/sale/calculate,20,0,0
1672264007246,20,calculate test,200,,Thread Group 1-5,text,true,,198,374,5,5,http://localhost:8080/rest/sale/calculate,20,0,0
1672264007261,19,calculate test,200,,Thread Group 1-1,text,true,,198,374,5,5,http://localhost:8080/rest/sale/calculate,19,0,0
1672264007262,18,calculate test,200,,Thread Group 1-4,text,true,,198,374,5,5,http://localhost:8080/rest/sale/calculate,18,0,0
1672264007266,16,calculate test,200,,Thread Group 1-3,text,true,,198,374,5,5,http://localhost:8080/rest/sale/calculate,16,0,0
1672264007266,18,calculate test,200,,Thread Group 1-2,text,true,,198,374,5,5,http://localhost:8080/rest/sale/calculate,18,0,0
1672264007266,18,calculate test,200,,Thread Group 1-5,text,true,,198,374,5,5,http://localhost:8080/rest/sale/calculate,18,0,0
1672264007281,22,calculate test,200,,Thread Group 1-1,text,true,,198,374,5,5,http://localhost:8080/rest/sale/calculate,22,0,0
1672264007282,21,calculate test,200,,Thread Group 1-3,text,true,,198,374,5,5,http://localhost:8080/rest/sale/calculate,21,0,0
1672264007281,25,calculate test,200,,Thread Group 1-4,text,true,,198,374,5,5,http://localhost:8080/rest/sale/calculate,25,0,0
1672264007284,26,calculate test,200,,Thread Group 1-2,text,true,,198,374,5,5,http://localhost:8080/rest/sale/calculate,26,0,0
1672264007284,27,calculate test,200,,Thread Group 1-5,text,true,,198,374,5,5,http://localhost:8080/rest/sale/calculate,27,0,0
1672264007303,27,calculate test,200,,Thread Group 1-3,text,true,,198,374,5,5,http://localhost:8080/rest/sale/calculate,27,0,0
1672264007303,29,calculate test,200,,Thread Group 1-1,text,true,,198,374,5,5,http://localhost:8080/rest/sale/calculate,29,0,0
1672264007307,27,calculate test,200,,Thread Group 1-4,text,true,,198,374,5,5,http://localhost:8080/rest/sale/calculate,27,0,0
1672264007310,29,calculate test,200,,Thread Group 1-2,text,true,,198,374,5,5,http://localhost:8080/rest/sale/calculate,29,0,0
1672264007311,28,calculate test,200,,Thread Group 1-5,text,true,,198,374,5,5,http://localhost:8080/rest/sale/calculate,28,0,0
1672264007330,24,calculate test,200,,Thread Group 1-3,text,true,,198,374,5,5,http://localhost:8080/rest/sale/calculate,24,0,0
1672264007332,25,calculate test,200,,Thread Group 1-1,text,true,,198,374,5,5,http://localhost:8080/rest/sale/calculate,25,0,0
1672264007339,19,calculate test,200,,Thread Group 1-2,text,true,,198,374,5,5,http://localhost:8080/rest/sale/calculate,19,0,0
1672264007339,19,calculate test,200,,Thread Group 1-5,text,true,,198,374,5,5,http://localhost:8080/rest/sale/calculate,19,0,0
1672264007334,23,calculate test,200,,Thread Group 1-4,text,true,,198,374,5,5,http://localhost:8080/rest/sale/calculate,23,0,0
1672264007356,17,calculate test,200,,Thread Group 1-3,text,true,,198,374,5,5,http://localhost:8080/rest/sale/calculate,17,0,0
1672264007358,15,calculate test,200,,Thread Group 1-2,text,true,,198,374,5,5,http://localhost:8080/rest/sale/calculate,15,0,0
1672264007358,16,calculate test,200,,Thread Group 1-5,text,true,,198,374,5,5,http://localhost:8080/rest/sale/calculate,15,0,0
1672264007358,16,calculate test,200,,Thread Group 1-4,text,true,,198,374,5,5,http://localhost:8080/rest/sale/calculate,16,0,0
1672264007358,16,calculate test,200,,Thread Group 1-1,text,true,,198,374,5,5,http://localhost:8080/rest/sale/calculate,16,0,0
1672264007374,16,calculate test,200,,Thread Group 1-5,text,true,,198,374,5,5,http://localhost:8080/rest/sale/calculate,16,0,0
1672264007374,17,calculate test,200,,Thread Group 1-4,text,true,,198,374,5,5,http://localhost:8080/rest/sale/calculate,17,0,0
1672264007374,17,calculate test,200,,Thread Group 1-3,text,true,,198,374,5,5,http://localhost:8080/rest/sale/calculate,17,0,0
1672264007374,17,calculate test,200,,Thread Group 1-1,text,true,,198,374,5,5,http://localhost:8080/rest/sale/calculate,17,0,0
1672264007374,17,calculate test,200,,Thread Group 1-2,text,true,,198,374,5,5,http://localhost:8080/rest/sale/calculate,17,0,0
1672264007390,17,calculate test,200,,Thread Group 1-5,text,true,,198,374,5,5,http://localhost:8080/rest/sale/calculate,17,0,0
1672264007391,16,calculate test,200,,Thread Group 1-3,text,true,,198,374,5,5,http://localhost:8080/rest/sale/calculate,16,0,0
1672264007391,17,calculate test,200,,Thread Group 1-4,text,true,,198,374,5,5,http://localhost:8080/rest/sale/calculate,16,0,0
1672264007391,16,calculate test,200,,Thread Group 1-2,text,true,,198,374,5,5,http://localhost:8080/rest/sale/calculate,16,0,0
1672264007391,16,calculate test,200,,Thread Group 1-1,text,true,,198,374,5,5,http://localhost:8080/rest/sale/calculate,16,0,0
1672264007408,17,calculate test,200,,Thread Group 1-1,text,true,,198,374,5,5,http://localhost:8080/rest/sale/calculate,17,0,0
1672264007408,17,calculate test,200,,Thread Group 1-2,text,true,,198,374,5,5,http://localhost:8080/rest/sale/calculate,17,0,0
1672264007408,17,calculate test,200,,Thread Group 1-5,text,true,,198,374,5,5,http://localhost:8080/rest/sale/calculate,17,0,0
1672264007408,17,calculate test,200,,Thread Group 1-3,text,true,,198,374,5,5,http://localhost:8080/rest/sale/calculate,17,0,0
1672264007408,17,calculate test,200,,Thread Group 1-4,text,true,,198,374,5,5,http://localhost:8080/rest/sale/calculate,17,0,0
1672264007426,15,calculate test,200,,Thread Group 1-4,text,true,,198,374,5,5,http://localhost:8080/rest/sale/calculate,15,0,0
1672264007426,15,calculate test,200,,Thread Group 1-3,text,true,,198,374,5,5,http://localhost:8080/rest/sale/calculate,15,0,0
1672264007425,17,calculate test,200,,Thread Group 1-1,text,true,,198,374,5,5,http://localhost:8080/rest/sale/calculate,17,0,0
1672264007425,18,calculate test,200,,Thread Group 1-2,text,true,,198,374,5,5,http://localhost:8080/rest/sale/calculate,18,0,0
1672264007426,17,calculate test,200,,Thread Group 1-5,text,true,,198,374,5,5,http://localhost:8080/rest/sale/calculate,17,0,0
1672264007442,15,calculate test,200,,Thread Group 1-3,text,true,,198,374,5,5,http://localhost:8080/rest/sale/calculate,14,0,0
1672264007442,15,calculate test,200,,Thread Group 1-4,text,true,,198,374,5,5,http://localhost:8080/rest/sale/calculate,15,0,0
1672264007443,14,calculate test,200,,Thread Group 1-2,text,true,,198,374,5,5,http://localhost:8080/rest/sale/calculate,14,0,0
1672264007442,15,calculate test,200,,Thread Group 1-1,text,true,,198,374,5,5,http://localhost:8080/rest/sale/calculate,15,0,0
1672264007443,15,calculate test,200,,Thread Group 1-5,text,true,,198,374,5,5,http://localhost:8080/rest/sale/calculate,15,0,0
1672264007457,14,calculate test,200,,Thread Group 1-3,text,true,,198,374,5,5,http://localhost:8080/rest/sale/calculate,14,0,0
1672264007458,14,calculate test,200,,Thread Group 1-2,text,true,,198,374,5,5,http://localhost:8080/rest/sale/calculate,14,0,0
1672264007458,15,calculate test,200,,Thread Group 1-5,text,true,,198,374,5,5,http://localhost:8080/rest/sale/calculate,15,0,0
1672264007457,17,calculate test,200,,Thread Group 1-4,text,true,,198,374,5,5,http://localhost:8080/rest/sale/calculate,17,0,0
1672264007458,17,calculate test,200,,Thread Group 1-1,text,true,,198,374,5,5,http://localhost:8080/rest/sale/calculate,16,0,0
1672264007472,15,calculate test,200,,Thread Group 1-3,text,true,,198,374,5,5,http://localhost:8080/rest/sale/calculate,15,0,0
1672264007474,15,calculate test,200,,Thread Group 1-5,text,true,,198,374,5,5,http://localhost:8080/rest/sale/calculate,15,0,0
1672264007474,16,calculate test,200,,Thread Group 1-2,text,true,,198,374,5,5,http://localhost:8080/rest/sale/calculate,16,0,0
1672264007475,16,calculate test,200,,Thread Group 1-4,text,true,,198,374,5,5,http://localhost:8080/rest/sale/calculate,16,0,0
1672264007475,16,calculate test,200,,Thread Group 1-1,text,true,,198,374,5,5,http://localhost:8080/rest/sale/calculate,16,0,0
1672264007487,18,calculate test,200,,Thread Group 1-3,text,true,,198,374,5,5,http://localhost:8080/rest/sale/calculate,18,0,0
1672264007491,15,calculate test,200,,Thread Group 1-4,text,true,,198,374,5,5,http://localhost:8080/rest/sale/calculate,15,0,0
1672264007490,18,calculate test,200,,Thread Group 1-5,text,true,,198,374,5,5,http://localhost:8080/rest/sale/calculate,18,0,0
1672264007491,17,calculate test,200,,Thread Group 1-2,text,true,,198,374,5,5,http://localhost:8080/rest/sale/calculate,17,0,0
1672264007491,18,calculate test,200,,Thread Group 1-1,text,true,,198,374,5,5,http://localhost:8080/rest/sale/calculate,18,0,0
1672264007506,19,calculate test,200,,Thread Group 1-3,text,true,,198,374,5,5,http://localhost:8080/rest/sale/calculate,19,0,0
1672264007507,19,calculate test,200,,Thread Group 1-4,text,true,,198,374,5,5,http://localhost:8080/rest/sale/calculate,19,0,0
1672264007508,18,calculate test,200,,Thread Group 1-5,text,true,,198,374,5,5,http://localhost:8080/rest/sale/calculate,18,0,0
1672264007508,18,calculate test,200,,Thread Group 1-2,text,true,,198,374,5,5,http://localhost:8080/rest/sale/calculate,18,0,0
1672264007509,21,calculate test,200,,Thread Group 1-1,text,true,,198,374,5,5,http://localhost:8080/rest/sale/calculate,21,0,0
1672264007526,29,calculate test,200,,Thread Group 1-5,text,true,,198,374,5,5,http://localhost:8080/rest/sale/calculate,29,0,0
1672264007527,28,calculate test,200,,Thread Group 1-2,text,true,,198,374,5,5,http://localhost:8080/rest/sale/calculate,28,0,0
1672264007526,30,calculate test,200,,Thread Group 1-4,text,true,,198,374,5,5,http://localhost:8080/rest/sale/calculate,30,0,0
1672264007526,31,calculate test,200,,Thread Group 1-3,text,true,,198,374,5,5,http://localhost:8080/rest/sale/calculate,31,0,0
1672264007530,27,calculate test,200,,Thread Group 1-1,text,true,,198,374,5,5,http://localhost:8080/rest/sale/calculate,27,0,0
1672264007557,19,calculate test,200,,Thread Group 1-5,text,true,,198,374,5,5,http://localhost:8080/rest/sale/calculate,19,0,0
1672264007556,20,calculate test,200,,Thread Group 1-2,text,true,,198,374,5,5,http://localhost:8080/rest/sale/calculate,20,0,0
1672264007558,19,calculate test,200,,Thread Group 1-1,text,true,,198,374,5,5,http://localhost:8080/rest/sale/calculate,19,0,0
1672264007556,24,calculate test,200,,Thread Group 1-4,text,true,,198,374,5,5,http://localhost:8080/rest/sale/calculate,24,0,0
1672264007557,26,calculate test,200,,Thread Group 1-3,text,true,,198,374,5,5,http://localhost:8080/rest/sale/calculate,25,0,0
1672264007577,22,calculate test,200,,Thread Group 1-2,text,true,,198,374,5,5,http://localhost:8080/rest/sale/calculate,21,0,0
1672264007580,20,calculate test,200,,Thread Group 1-4,text,true,,198,374,5,5,http://localhost:8080/rest/sale/calculate,20,0,0
1672264007577,24,calculate test,200,,Thread Group 1-1,text,true,,198,374,5,5,http://localhost:8080/rest/sale/calculate,24,0,0
1672264007576,25,calculate test,200,,Thread Group 1-5,text,true,,198,374,5,5,http://localhost:8080/rest/sale/calculate,25,0,0
1672264007583,21,calculate test,200,,Thread Group 1-3,text,true,,198,374,5,5,http://localhost:8080/rest/sale/calculate,21,0,0
1672264007601,19,calculate test,200,,Thread Group 1-4,text,true,,198,374,5,5,http://localhost:8080/rest/sale/calculate,19,0,0
1672264007601,19,calculate test,200,,Thread Group 1-5,text,true,,198,374,5,5,http://localhost:8080/rest/sale/calculate,19,0,0
1672264007599,21,calculate test,200,,Thread Group 1-2,text,true,,198,374,5,5,http://localhost:8080/rest/sale/calculate,21,0,0
1672264007601,19,calculate test,200,,Thread Group 1-1,text,true,,198,374,5,5,http://localhost:8080/rest/sale/calculate,19,0,0
1672264007604,18,calculate test,200,,Thread Group 1-3,text,true,,198,374,5,5,http://localhost:8080/rest/sale/calculate,18,0,0
1672264007620,15,calculate test,200,,Thread Group 1-5,text,true,,198,374,5,5,http://localhost:8080/rest/sale/calculate,15,0,0
1672264007620,15,calculate test,200,,Thread Group 1-4,text,true,,198,374,5,5,http://localhost:8080/rest/sale/calculate,15,0,0
1672264007621,14,calculate test,200,,Thread Group 1-2,text,true,,198,374,5,5,http://localhost:8080/rest/sale/calculate,14,0,0
1672264007621,14,calculate test,200,,Thread Group 1-1,text,true,,198,374,5,5,http://localhost:8080/rest/sale/calculate,14,0,0
1672264007622,14,calculate test,200,,Thread Group 1-3,text,true,,198,374,5,5,http://localhost:8080/rest/sale/calculate,14,0,0
1672264007636,16,calculate test,200,,Thread Group 1-5,text,true,,198,374,5,5,http://localhost:8080/rest/sale/calculate,16,0,0
1672264007635,17,calculate test,200,,Thread Group 1-2,text,true,,198,374,5,5,http://localhost:8080/rest/sale/calculate,17,0,0
1672264007636,16,calculate test,200,,Thread Group 1-3,text,true,,198,374,5,5,http://localhost:8080/rest/sale/calculate,16,0,0
1672264007636,16,calculate test,200,,Thread Group 1-1,text,true,,198,374,5,5,http://localhost:8080/rest/sale/calculate,16,0,0
1672264007635,19,calculate test,200,,Thread Group 1-4,text,true,,198,374,5,5,http://localhost:8080/rest/sale/calculate,19,0,0
1672264007653,16,calculate test,200,,Thread Group 1-5,text,true,,198,374,5,5,http://localhost:8080/rest/sale/calculate,16,0,0
1672264007653,16,calculate test,200,,Thread Group 1-3,text,true,,198,374,5,5,http://localhost:8080/rest/sale/calculate,16,0,0
1672264007653,16,calculate test,200,,Thread Group 1-1,text,true,,198,374,5,5,http://localhost:8080/rest/sale/calculate,16,0,0
1672264007654,17,calculate test,200,,Thread Group 1-4,text,true,,198,374,5,5,http://localhost:8080/rest/sale/calculate,17,0,0
1672264007654,18,calculate test,200,,Thread Group 1-2,text,true,,198,374,5,5,http://localhost:8080/rest/sale/calculate,18,0,0
1672264007669,17,calculate test,200,,Thread Group 1-3,text,true,,198,374,5,5,http://localhost:8080/rest/sale/calculate,17,0,0
1672264007669,16,calculate test,200,,Thread Group 1-1,text,true,,198,374,5,5,http://localhost:8080/rest/sale/calculate,16,0,0
1672264007669,18,calculate test,200,,Thread Group 1-5,text,true,,198,374,5,5,http://localhost:8080/rest/sale/calculate,18,0,0
1672264007672,15,calculate test,200,,Thread Group 1-2,text,true,,198,374,5,5,http://localhost:8080/rest/sale/calculate,15,0,0
1672264007672,18,calculate test,200,,Thread Group 1-4,text,true,,198,374,5,5,http://localhost:8080/rest/sale/calculate,18,0,0
1672264007687,21,calculate test,200,,Thread Group 1-2,text,true,,198,374,5,5,http://localhost:8080/rest/sale/calculate,20,0,0
1672264007686,22,calculate test,200,,Thread Group 1-3,text,true,,198,374,5,5,http://localhost:8080/rest/sale/calculate,21,0,0
1672264007688,20,calculate test,200,,Thread Group 1-5,text,true,,198,374,5,5,http://localhost:8080/rest/sale/calculate,20,0,0
1672264007686,22,calculate test,200,,Thread Group 1-1,text,true,,198,374,5,5,http://localhost:8080/rest/sale/calculate,22,0,0
1672264007690,19,calculate test,200,,Thread Group 1-4,text,true,,198,374,5,5,http://localhost:8080/rest/sale/calculate,19,0,0
1672264007708,16,calculate test,200,,Thread Group 1-5,text,true,,198,374,5,5,http://localhost:8080/rest/sale/calculate,16,0,0
1672264007708,17,calculate test,200,,Thread Group 1-1,text,true,,198,374,5,5,http://localhost:8080/rest/sale/calculate,17,0,0
1672264007708,18,calculate test,200,,Thread Group 1-3,text,true,,198,374,5,5,http://localhost:8080/rest/sale/calculate,18,0,0
1672264007708,18,calculate test,200,,Thread Group 1-2,text,true,,198,374,5,5,http://localhost:8080/rest/sale/calculate,18,0,0
1672264007709,18,calculate test,200,,Thread Group 1-4,text,true,,198,374,5,5,http://localhost:8080/rest/sale/calculate,18,0,0
1672264007726,23,calculate test,200,,Thread Group 1-3,text,true,,198,374,5,5,http://localhost:8080/rest/sale/calculate,23,0,0
1672264007724,26,calculate test,200,,Thread Group 1-5,text,true,,198,374,5,5,http://localhost:8080/rest/sale/calculate,26,0,0
1672264007725,27,calculate test,200,,Thread Group 1-1,text,true,,198,374,5,5,http://localhost:8080/rest/sale/calculate,27,0,0
1672264007727,25,calculate test,200,,Thread Group 1-4,text,true,,198,374,5,5,http://localhost:8080/rest/sale/calculate,25,0,0
1672264007726,28,calculate test,200,,Thread Group 1-2,text,true,,198,374,5,5,http://localhost:8080/rest/sale/calculate,28,0,0
1672264007750,17,calculate test,200,,Thread Group 1-3,text,true,,198,374,5,5,http://localhost:8080/rest/sale/calculate,17,0,0
1672264007750,17,calculate test,200,,Thread Group 1-5,text,true,,198,374,5,5,http://localhost:8080/rest/sale/calculate,17,0,0
1672264007752,16,calculate test,200,,Thread Group 1-4,text,true,,198,374,5,5,http://localhost:8080/rest/sale/calculate,16,0,0
1672264007752,16,calculate test,200,,Thread Group 1-1,text,true,,198,374,5,5,http://localhost:8080/rest/sale/calculate,16,0,0
1672264007754,19,calculate test,200,,Thread Group 1-2,text,true,,198,374,5,5,http://localhost:8080/rest/sale/calculate,19,0,0
1672264007768,19,calculate test,200,,Thread Group 1-3,text,true,,198,374,5,5,http://localhost:8080/rest/sale/calculate,19,0,0
1672264007768,19,calculate test,200,,Thread Group 1-5,text,true,,198,374,5,5,http://localhost:8080/rest/sale/calculate,19,0,0
1672264007768,23,calculate test,200,,Thread Group 1-4,text,true,,198,374,5,5,http://localhost:8080/rest/sale/calculate,23,0,0
1672264007774,17,calculate test,200,,Thread Group 1-2,text,true,,198,374,5,5,http://localhost:8080/rest/sale/calculate,17,0,0
1672264007768,23,calculate test,200,,Thread Group 1-1,text,true,,169,374,5,5,http://localhost:8080/rest/sale/calculate,23,0,0
1672264007788,19,calculate test,200,,Thread Group 1-5,text,true,,198,374,4,4,http://localhost:8080/rest/sale/calculate,19,0,0
1672264007788,19,calculate test,200,,Thread Group 1-3,text,true,,198,374,4,4,http://localhost:8080/rest/sale/calculate,19,0,0
1672264007791,17,calculate test,200,,Thread Group 1-4,text,true,,198,374,4,4,http://localhost:8080/rest/sale/calculate,17,0,0
1672264007792,17,calculate test,200,,Thread Group 1-2,text,true,,169,374,4,4,http://localhost:8080/rest/sale/calculate,17,0,0
1672264007807,15,calculate test,200,,Thread Group 1-5,text,true,,198,374,3,3,http://localhost:8080/rest/sale/calculate,15,0,0
1672264007809,14,calculate test,200,,Thread Group 1-4,text,true,,198,374,3,3,http://localhost:8080/rest/sale/calculate,14,0,0
1672264007807,15,calculate test,200,,Thread Group 1-3,text,true,,198,374,3,3,http://localhost:8080/rest/sale/calculate,15,0,0
1672264007823,13,calculate test,200,,Thread Group 1-3,text,true,,198,374,3,3,http://localhost:8080/rest/sale/calculate,13,0,0
1672264007823,14,calculate test,200,,Thread Group 1-4,text,true,,198,374,3,3,http://localhost:8080/rest/sale/calculate,14,0,0
1672264007823,14,calculate test,200,,Thread Group 1-5,text,true,,198,374,3,3,http://localhost:8080/rest/sale/calculate,14,0,0
1672264007837,14,calculate test,200,,Thread Group 1-4,text,true,,198,374,3,3,http://localhost:8080/rest/sale/calculate,14,0,0
1672264007837,14,calculate test,200,,Thread Group 1-3,text,true,,198,374,3,3,http://localhost:8080/rest/sale/calculate,14,0,0
1672264007838,14,calculate test,200,,Thread Group 1-5,text,true,,198,374,3,3,http://localhost:8080/rest/sale/calculate,14,0,0
1672264007852,13,calculate test,200,,Thread Group 1-5,text,true,,198,374,3,3,http://localhost:8080/rest/sale/calculate,13,0,0
1672264007852,13,calculate test,200,,Thread Group 1-3,text,true,,198,374,3,3,http://localhost:8080/rest/sale/calculate,13,0,0
1672264007851,14,calculate test,200,,Thread Group 1-4,text,true,,198,374,3,3,http://localhost:8080/rest/sale/calculate,14,0,0
1672264007865,14,calculate test,200,,Thread Group 1-3,text,true,,198,374,3,3,http://localhost:8080/rest/sale/calculate,14,0,0
1672264007865,14,calculate test,200,,Thread Group 1-4,text,true,,198,374,3,3,http://localhost:8080/rest/sale/calculate,14,0,0
1672264007865,14,calculate test,200,,Thread Group 1-5,text,true,,198,374,3,3,http://localhost:8080/rest/sale/calculate,14,0,0
1672264007880,12,calculate test,200,,Thread Group 1-5,text,true,,198,374,3,3,http://localhost:8080/rest/sale/calculate,12,0,0
1672264007880,13,calculate test,200,,Thread Group 1-3,text,true,,169,374,3,3,http://localhost:8080/rest/sale/calculate,13,0,0
1672264007880,13,calculate test,200,,Thread Group 1-4,text,true,,198,374,3,3,http://localhost:8080/rest/sale/calculate,13,0,0
1672264007893,12,calculate test,200,,Thread Group 1-4,text,true,,198,374,2,2,http://localhost:8080/rest/sale/calculate,12,0,0
1672264007892,13,calculate test,200,,Thread Group 1-5,text,true,,198,374,2,2,http://localhost:8080/rest/sale/calculate,13,0,0
1672264007905,13,calculate test,200,,Thread Group 1-5,text,true,,198,374,2,2,http://localhost:8080/rest/sale/calculate,13,0,0
1672264007905,13,calculate test,200,,Thread Group 1-4,text,true,,198,374,2,2,http://localhost:8080/rest/sale/calculate,13,0,0
1672264007918,13,calculate test,200,,Thread Group 1-5,text,true,,198,374,2,2,http://localhost:8080/rest/sale/calculate,13,0,0
1672264007918,13,calculate test,200,,Thread Group 1-4,text,true,,198,374,2,2,http://localhost:8080/rest/sale/calculate,13,0,0
1672264007932,14,calculate test,200,,Thread Group 1-4,text,true,,198,374,2,2,http://localhost:8080/rest/sale/calculate,14,0,0
1672264007932,14,calculate test,200,,Thread Group 1-5,text,true,,198,374,2,2,http://localhost:8080/rest/sale/calculate,14,0,0
1672264007946,11,calculate test,200,,Thread Group 1-4,text,true,,198,374,2,2,http://localhost:8080/rest/sale/calculate,11,0,0
1672264007946,11,calculate test,200,,Thread Group 1-5,text,true,,198,374,2,2,http://localhost:8080/rest/sale/calculate,11,0,0
1672264007958,13,calculate test,200,,Thread Group 1-4,text,true,,198,374,2,2,http://localhost:8080/rest/sale/calculate,12,0,0
1672264007958,13,calculate test,200,,Thread Group 1-5,text,true,,198,374,2,2,http://localhost:8080/rest/sale/calculate,12,0,0
1672264007971,12,calculate test,200,,Thread Group 1-4,text,true,,198,374,2,2,http://localhost:8080/rest/sale/calculate,12,0,0
1672264007971,12,calculate test,200,,Thread Group 1-5,text,true,,198,374,2,2,http://localhost:8080/rest/sale/calculate,12,0,0
1672264007984,24,calculate test,200,,Thread Group 1-4,text,true,,198,374,2,2,http://localhost:8080/rest/sale/calculate,24,0,0
1672264007984,24,calculate test,200,,Thread Group 1-5,text,true,,198,374,2,2,http://localhost:8080/rest/sale/calculate,24,0,0
1672264008009,21,calculate test,200,,Thread Group 1-5,text,true,,198,374,2,2,http://localhost:8080/rest/sale/calculate,21,0,0
1672264008009,21,calculate test,200,,Thread Group 1-4,text,true,,198,374,2,2,http://localhost:8080/rest/sale/calculate,21,0,0
1672264008030,13,calculate test,200,,Thread Group 1-4,text,true,,169,374,2,2,http://localhost:8080/rest/sale/calculate,13,0,0
1672264008030,13,calculate test,200,,Thread Group 1-5,text,true,,198,374,2,2,http://localhost:8080/rest/sale/calculate,13,0,0
1672264008044,12,calculate test,200,,Thread Group 1-5,text,true,,198,374,1,1,http://localhost:8080/rest/sale/calculate,12,0,0
1672264008056,11,calculate test,200,,Thread Group 1-5,text,true,,198,374,1,1,http://localhost:8080/rest/sale/calculate,11,0,0
1672264008068,10,calculate test,200,,Thread Group 1-5,text,true,,198,374,1,1,http://localhost:8080/rest/sale/calculate,10,0,0
1672264008079,12,calculate test,200,,Thread Group 1-5,text,true,,198,374,1,1,http://localhost:8080/rest/sale/calculate,12,0,0
1672264008091,10,calculate test,200,,Thread Group 1-5,text,true,,198,374,1,1,http://localhost:8080/rest/sale/calculate,10,0,0
1672264008102,10,calculate test,200,,Thread Group 1-5,text,true,,198,374,1,1,http://localhost:8080/rest/sale/calculate,10,0,0
1672264008113,11,calculate test,200,,Thread Group 1-5,text,true,,198,374,1,1,http://localhost:8080/rest/sale/calculate,11,0,0
1672264008124,12,calculate test,200,,Thread Group 1-5,text,true,,198,374,1,1,http://localhost:8080/rest/sale/calculate,12,0,0
1672264008136,11,calculate test,200,,Thread Group 1-5,text,true,,198,374,1,1,http://localhost:8080/rest/sale/calculate,11,0,0
1672264008147,11,calculate test,200,,Thread Group 1-5,text,true,,198,374,1,1,http://localhost:8080/rest/sale/calculate,11,0,0
1672264008158,10,calculate test,200,,Thread Group 1-5,text,true,,198,374,1,1,http://localhost:8080/rest/sale/calculate,10,0,0
1672264008169,11,calculate test,200,,Thread Group 1-5,text,true,,169,374,1,1,http://localhost:8080/rest/sale/calculate,10,0,0
